<?xml version="1.0" encoding="utf-8"?>
 
<feed xmlns="http://www.w3.org/2005/Atom">
 
	<title>Ranking websites</title>
	<subtitle>I put some famous ranking websites for a various of entertainment here, which would be helpful for my term project</subtitle>
	<link href="https://afsws.rpi.edu/AFS/home/32/wuk9/public_html/iit/" rel="self" />
	<id>https://afsws.rpi.edu/AFS/home/32/wuk9/public_html/iit/item00000</id>
	<updated>2022-02-15T15:00:00Z</updated>
	<author>
		<name>Kerui Wu</name>
		<email>wuk9@rpi.edu</email>
	</author>

	<entry>
		<title>MyAnimeList</title>
		<link href="https://myanimelist.net/" />
		<id>https://myanimelist.net/item0001</id>
		<updated>2022-02-15T15:00:00Z</updated>
		<summary>Famous anime ranking website</summary>
	</entry>
	<entry>
		<title>imdb</title>
		<link href="https://www.imdb.com/" />
		<id>https://www.imdb.com/item0002</id>
		<updated>2022-02-15T15:00:01Z</updated>
		<summary>Famous movie ranking website</summary>
	</entry>
	<entry>
		<title>Douban</title>
		<link href="https://www.douban.com/" />
		<id>https://www.douban.com/item0003</id>
		<updated>2022-02-15T15:00:02Z</updated>
		<summary>Famous comprehensive Chinese ranking website</summary>
	</entry>
	<entry>
		<title>USNews</title>
		<link href="https://www.usnews.com/best-colleges" />
		<id>https://www.usnews.com/best-colleges/item0004</id>
		<updated>2022-02-15T15:00:03Z</updated>
		<summary>Famous college ranking website</summary>
	</entry>
	<entry>
		<title>RateYourMusic</title>
		<link href="https://rateyourmusic.com/" />
		<id>https://rateyourmusic.com/item0005</id>
		<updated>2022-02-15T15:00:04Z</updated>
		<summary>Famous music ranking website</summary>
	</entry>
 
</feed>



