<?xml version="1.0" encoding="UTF-8" ?>
<rss version="2.0">
<channel>
	<title>w3School Tutorial</title>
	<description>Some tutorials posted in the w3Scool which would be convenient for me to check later instead of filled my browser's favorites</description>
	<link>https://afsws.rpi.edu/AFS/home/32/wuk9/public_html/iit/</link>
	<lastBuildDate>Mon, 14 Feb 2022 08:00:00 EST</lastBuildDate>
	<pubDate>Mon, 14 Feb 2022 08:00:00 EST</pubDate>
 
	<item>
		<title>CSS</title>
		<description>CSS tutorial in w3School</description>
		<link>https://www.w3schools.com/css/</link>
		<guid>https://www.w3schools.com/css/item0001</guid>
	  <pubDate>Mon, 14 Feb 2022 08:00:00 EST</pubDate>
	</item>
	<item>
		<title>JS</title>
		<description>JavaScript tutorial in w3School</description>
		<link>https://www.w3schools.com/js/</link>
		<guid>https://www.w3schools.com/js/item0002</guid>
	  <pubDate>Mon, 14 Feb 2022 08:00:00 EST</pubDate>
	</item>
	<item>
		<title>jQuery</title>
		<description>jQuery tutorial in w3School</description>
		<link>https://www.w3schools.com/jquery/</link>
		<guid>https://www.w3schools.com/jquery/item0003</guid>
	  <pubDate>Mon, 14 Feb 2022 08:00:00 EST</pubDate>
	</item>
	<item>
		<title>PHP</title>
		<description>PHP tutorial in w3School</description>
		<link>https://www.w3schools.com/php/</link>
		<guid>https://www.w3schools.com/php/item0004</guid>
	  <pubDate>Mon, 14 Feb 2022 08:00:00 EST</pubDate>
	</item>
	<item>
		<title>SQL</title>
		<description>SQL tutorial in w3School</description>
		<link>https://www.w3schools.com/sql/</link>
		<guid>https://www.w3schools.com/sql/item0005</guid>
	  <pubDate>Mon, 14 Feb 2022 08:00:00 EST</pubDate>
	</item>
</channel>
</rss>